{
  "source": "/var/www/kensgames.com/4DTicTacToe/assets/models/jupiter.glb",
  "glbBytes": 3558884,
  "bounds": {
    "min": {
      "x": -1.0000009536743164,
      "y": -1,
      "z": -1.0000014305114746
    },
    "max": {
      "x": 1.0000003576278687,
      "y": 1,
      "z": 1.0000005960464478
    }
  },
  "bestTpmsFit": null,
  "patchAtlas": {
    "gridDivs": 12,
    "totalCells": 520,
    "analyzed": 2,
    "maxCells": 120,
    "quadMeanAbsErrNorm": {
      "min": 0.00011214093168689756,
      "max": 0.00011214093168689757,
      "mean": 0.00011214093168689757,
      "p50": 0.00011214093168689757,
      "p90": 0.00011214093168689757,
      "p99": 0.00011214093168689757
    },
    "saddleMeanAbsErrNorm": {
      "min": 0.286751776942796,
      "max": 0.2867517769427961,
      "mean": 0.2867517769427961,
      "p50": 0.2867517769427961,
      "p90": 0.2867517769427961,
      "p99": 0.2867517769427961
    },
    "patches": [
      {
        "cell": {
          "key": "6,11,6",
          "cx": 6,
          "cy": 11,
          "cz": 6,
          "min": {
            "x": -2.980232238769531e-7,
            "y": 0.8333333333333333,
            "z": -4.172325134277344e-7
          },
          "max": {
            "x": 0.16666647791862488,
            "y": 0.9999999999999999,
            "z": 0.1666664183139801
          },
          "center": {
            "x": 0.0833330899477005,
            "y": 0.9166666666666665,
            "z": 0.08333300054073334
          }
        },
        "sampleCount": 256,
        "frame": {
          "mean": {
            "x": 0.049121848423965275,
            "y": 0.9949528742581606,
            "z": 0.04912186418368947
          },
          "e1": {
            "x": 0.7043989726957052,
            "y": -0.0874286806836192,
            "z": 0.704399256855909
          },
          "e2": {
            "x": 0.7071069221689699,
            "y": -2.6487874560388036e-8,
            "z": -0.7071066402040966
          },
          "e3": {
            "x": 0.061821419313709935,
            "y": 0.9961707814395688,
            "z": 0.06182140664945602
          }
        },
        "saddle": {
          "coeffs": {
            "a": -3.953785182500536e-8,
            "b": -3.9191468602146176e-17,
            "c": 1.7909048278493894e-9,
            "d": -3.286486864222065e-19
          },
          "wRange": 0.005347121359325229,
          "meanAbsErr": 0.0015332965513152885,
          "meanAbsErrNorm": 0.2867517769427961
        },
        "quad": {
          "coeffs": {
            "A": 3.355635629751239e-8,
            "B": -0.5011845987438818,
            "C": -0.5012307479613825,
            "D": 0.01782058345796335,
            "E": -2.135882993267811e-9,
            "F": 0.0026263110460289056
          },
          "wRange": 0.005347121359325229,
          "meanAbsErr": 5.996311710776414e-7,
          "meanAbsErrNorm": 0.00011214093168689757
        }
      },
      {
        "cell": {
          "key": "6,0,6",
          "cx": 6,
          "cy": 0,
          "cz": 6,
          "min": {
            "x": -2.980232238769531e-7,
            "y": -1,
            "z": -4.172325134277344e-7
          },
          "max": {
            "x": 0.16666647791862488,
            "y": -0.8333333333333334,
            "z": 0.1666664183139801
          },
          "center": {
            "x": 0.0833330899477005,
            "y": -0.9166666666666667,
            "z": 0.08333300054073334
          }
        },
        "sampleCount": 256,
        "frame": {
          "mean": {
            "x": 0.049121848423965275,
            "y": -0.9949528742581606,
            "z": 0.04912186418368947
          },
          "e1": {
            "x": 0.7043989726957054,
            "y": 0.08742868068361893,
            "z": 0.704399256855909
          },
          "e2": {
            "x": 0.7071069221689698,
            "y": 2.648787478243264e-8,
            "z": -0.7071066402040969
          },
          "e3": {
            "x": -0.06182141931370991,
            "y": 0.9961707814395688,
            "z": -0.06182140664945566
          }
        },
        "saddle": {
          "coeffs": {
            "a": 3.953785179891895e-8,
            "b": 2.8463327233908436e-16,
            "c": -1.790905062685411e-9,
            "d": -5.759825007766052e-19
          },
          "wRange": 0.00534712135932523,
          "meanAbsErr": 0.0015332965513152885,
          "meanAbsErrNorm": 0.286751776942796
        },
        "quad": {
          "coeffs": {
            "A": -3.3556356019796226e-8,
            "B": 0.5011845987438761,
            "C": 0.5012307479613771,
            "D": -0.01782058345796285,
            "E": 2.1358827823443906e-9,
            "F": -0.002626311046028867
          },
          "wRange": 0.00534712135932523,
          "meanAbsErr": 5.996311710776414e-7,
          "meanAbsErrNorm": 0.00011214093168689756
        }
      }
    ]
  }
}