{
  "source": "/var/www/kensgames.com/starfighter/assets/models/Earth.glb",
  "glbBytes": 1183172,
  "bounds": {
    "min": {
      "x": -1.0000009536743164,
      "y": -1,
      "z": -1
    },
    "max": {
      "x": 1.0000003576278687,
      "y": 1,
      "z": 1.0000005960464478
    }
  },
  "bestTpmsFit": null,
  "patchAtlas": {
    "gridDivs": 12,
    "totalCells": 538,
    "analyzed": 2,
    "maxCells": 120,
    "quadMeanAbsErrNorm": {
      "min": 0.00011685025348949694,
      "max": 0.00011685430120867554,
      "mean": 0.00011685227734908624,
      "p50": 0.00011685430120867554,
      "p90": 0.00011685430120867554,
      "p99": 0.00011685430120867554
    },
    "saddleMeanAbsErrNorm": {
      "min": 0.2687069598805324,
      "max": 0.2687069697683082,
      "mean": 0.2687069648244203,
      "p50": 0.2687069697683082,
      "p90": 0.2687069697683082,
      "p99": 0.2687069697683082
    },
    "patches": [
      {
        "cell": {
          "key": "6,11,5",
          "cx": 6,
          "cy": 11,
          "cz": 5,
          "min": {
            "x": -2.980232238769531e-7,
            "y": 0.8333333333333333,
            "z": -0.1666664183139801
          },
          "max": {
            "x": 0.16666647791862488,
            "y": 0.9999999999999999,
            "z": 2.980232238769531e-7
          },
          "center": {
            "x": 0.0833330899477005,
            "y": 0.9166666666666665,
            "z": -0.08333306014537811
          }
        },
        "sampleCount": 324,
        "frame": {
          "mean": {
            "x": 0.049973732613624984,
            "y": 0.995038178231981,
            "z": -0.049973723369386096
          },
          "e1": {
            "x": -0.7042835499735065,
            "y": 0.08927091124834662,
            "z": 0.7042835974531887
          },
          "e2": {
            "x": 0.7071068059688523,
            "y": 1.4947040515023158e-8,
            "z": 0.7071067564042417
          },
          "e3": {
            "x": 0.06312405396711385,
            "y": 0.9960073817020081,
            "z": -0.06312407944570203
          }
        },
        "saddle": {
          "coeffs": {
            "a": 5.154106253599011e-7,
            "b": -1.067180747330776e-15,
            "c": 1.4918537949245102e-8,
            "d": 4.219924647641785e-16
          },
          "wRange": 0.0057628676319001005,
          "meanAbsErr": 0.001548522641561799,
          "meanAbsErrNorm": 0.2687069598805324
        },
        "quad": {
          "coeffs": {
            "A": -4.647797942679545e-7,
            "B": -0.50145280967247,
            "C": -0.5011023638909075,
            "D": -0.01847430226783876,
            "E": 9.629053924809956e-9,
            "F": 0.002457346503746677
          },
          "wRange": 0.0057628676319001005,
          "meanAbsErr": 6.733925436139437e-7,
          "meanAbsErrNorm": 0.00011685025348949694
        }
      },
      {
        "cell": {
          "key": "6,0,5",
          "cx": 6,
          "cy": 0,
          "cz": 5,
          "min": {
            "x": -2.980232238769531e-7,
            "y": -1,
            "z": -0.1666664183139801
          },
          "max": {
            "x": 0.16666647791862488,
            "y": -0.8333333333333334,
            "z": 2.980232238769531e-7
          },
          "center": {
            "x": 0.0833330899477005,
            "y": -0.9166666666666667,
            "z": -0.08333306014537811
          }
        },
        "sampleCount": 324,
        "frame": {
          "mean": {
            "x": 0.0499737328780746,
            "y": -0.995038178231981,
            "z": -0.04997372392128095
          },
          "e1": {
            "x": 0.7042840335126722,
            "y": 0.08927091150148202,
            "z": -0.7042831138816376
          },
          "e2": {
            "x": 0.7071063242252483,
            "y": -7.412131970696568e-8,
            "z": 0.7071072381475476
          },
          "e3": {
            "x": 0.06312405547633324,
            "y": -0.9960073816793172,
            "z": -0.0631240782945124
          }
        },
        "saddle": {
          "coeffs": {
            "a": 0.000002516494725021227,
            "b": -3.0439168888662405e-14,
            "c": -7.283982659467915e-8,
            "d": 1.9666546574329623e-15
          },
          "wRange": 0.005762867671228026,
          "meanAbsErr": 0.00154852270911143,
          "meanAbsErrNorm": 0.2687069697683082
        },
        "quad": {
          "coeffs": {
            "A": 5.388800241542256e-7,
            "B": -0.5014528141029005,
            "C": -0.5011023580859989,
            "D": 0.01847430174853907,
            "E": -4.3003213348432e-9,
            "F": 0.002457346507018067
          },
          "wRange": 0.005762867671228026,
          "meanAbsErr": 6.734158746794183e-7,
          "meanAbsErrNorm": 0.00011685430120867554
        }
      }
    ]
  }
}